{
 "transforms": {
  "translate(10 20)": [
   1,
   0,
   0,
   1,
   10.0,
   20.0
  ],
  "translate(10)": [
   1,
   0,
   0,
   1,
   10.0,
   0.0
  ],
  "scale(2)": [
   2.0,
   0.0,
   0.0,
   2.0,
   0,
   0
  ],
  "scale(2 3)": [
   2.0,
   0.0,
   0.0,
   3.0,
   0,
   0
  ],
  "rotate(45)": [
   0.7071067811865476,
   0.7071067811865475,
   -0.7071067811865475,
   0.7071067811865476,
   0,
   0
  ],
  "rotate(45 5 5)": [
   0.7071067811865476,
   0.7071067811865475,
   -0.7071067811865475,
   0.7071067811865476,
   5.0,
   -2.0710678118654755
  ],
  "skewX(30)": [
   1,
   0,
   0.5773502691896256,
   1.0,
   0,
   0
  ],
  "skewY(30)": [
   1.0,
   0.5773502691896256,
   0,
   1,
   0,
   0
  ],
  "matrix(1 2 3 4 5 6)": [
   1.0,
   2.0,
   3.0,
   4.0,
   5.0,
   6.0
  ],
  "translate(1,2) rotate(30) scale(2,3)": [
   1.7320508075688774,
   0.9999999999999999,
   -1.4999999999999998,
   2.598076211353316,
   1.0,
   2.0
  ],
  "rotate( 45 , 5 5 )  translate(1 1)": [
   0.7071067811865476,
   0.7071067811865475,
   -0.7071067811865475,
   0.7071067811865476,
   5.0,
   -0.6568542494923806
  ],
  "": [
   1,
   0,
   0,
   1,
   0,
   0
  ],
  "garbage": [
   1,
   0,
   0,
   1,
   0,
   0
  ]
 },
 "compose_ltr": [
  1.7320508075688774,
  0.9999999999999999,
  -0.9999999999999999,
  1.7320508075688774,
  20.0,
  40.0
 ],
 "inverse": [
  0.43301270189221935,
  -0.16666666666666666,
  0.24999999999999997,
  0.2886751345948129,
  -0.9330127018922193,
  -0.4106836025229592
 ],
 "rect_to_rect": {
  "none": [
   4.166666666666667,
   0,
   0,
   2.0833333333333335,
   10.0,
   10.0
  ],
  "xMidYMid meet": [
   2.0833333333333335,
   0,
   0,
   2.0833333333333335,
   35.0,
   10.0
  ],
  "xMaxYMax slice": [
   4.166666666666667,
   0,
   0,
   4.166666666666667,
   10.0,
   -40.0
  ]
 },
 "tostring": {
  "translate(10 20)": "translate(10, 20)",
  "rotate(45)": "matrix(0.7071067811865476 0.7071067811865475 -0.7071067811865475 0.7071067811865476 0 0)",
  "identity": "translate(0, 0)"
 },
 "arcs": [
  {
   "args": [
    [
     0,
     0
    ],
    5,
    5,
    0,
    0,
    1,
    [
     10,
     0
    ]
   ],
   "cubics": [
    [
     [
      -8.881784197001252e-16,
      -2.7614237491539666
     ],
     [
      2.2385762508460307,
      -4.999999999999999
     ],
     [
      4.999999999999998,
      -5.0
     ]
    ],
    [
     [
      7.761423749153965,
      -5.0
     ],
     [
      9.999999999999998,
      -2.7614237491539684
     ],
     [
      10,
      0
     ]
    ]
   ]
  },
  {
   "args": [
    [
     0,
     0
    ],
    5,
    5,
    0,
    1,
    0,
    [
     10,
     0
    ]
   ],
   "cubics": [
    [
     [
      0.0,
      2.761423749153968
     ],
     [
      2.2385762508460325,
      5.0
     ],
     [
      4.999999999999999,
      5.0
     ]
    ],
    [
     [
      7.761423749153967,
      5.0
     ],
     [
      10.0,
      2.761423749153967
     ],
     [
      10,
      0
     ]
    ]
   ]
  },
  {
   "args": [
    [
     12,
     2
    ],
    10,
    10,
    0,
    1,
    1,
    [
     12,
     22
    ]
   ],
   "cubics": [
    [
     [
      17.522847498307936,
      1.9999999999999982
     ],
     [
      22.0,
      6.477152501692064
     ],
     [
      22.0,
      11.999999999999998
     ]
    ],
    [
     [
      22.0,
      17.522847498307932
     ],
     [
      17.522847498307936,
      22.0
     ],
     [
      12,
      22
     ]
    ]
   ]
  },
  {
   "args": [
    [
     0,
     0
    ],
    2,
    1,
    30,
    1,
    0,
    [
     3,
     3
    ]
   ],
   "cubics": [
    [
     [
      -0.8081148763018335,
      0.1867945327421905
     ],
     [
      -0.7916485454886977,
      1.0097942959963158
     ],
     [
      0.036778579257492616,
      1.838221420742506
     ]
    ],
    [
     [
      0.8652057040036829,
      2.6666485454886963
     ],
     [
      2.191885123698166,
      3.1867945327421907
     ],
     [
      3,
      3
     ]
    ]
   ]
  },
  {
   "args": [
    [
     0,
     0
    ],
    0,
    5,
    0,
    0,
    1,
    [
     10,
     0
    ]
   ],
   "cubics": [
    [
     null,
     null,
     [
      10,
      0
     ]
    ]
   ]
  },
  {
   "args": [
    [
     5,
     5
    ],
    3,
    3,
    0,
    0,
    1,
    [
     5,
     5
    ]
   ],
   "cubics": []
  },
  {
   "args": [
    [
     0,
     0
    ],
    1,
    1,
    0,
    0,
    1,
    [
     10,
     0
    ]
   ],
   "cubics": [
    [
     [
      -8.881784197001252e-16,
      -2.7614237491539666
     ],
     [
      2.2385762508460307,
      -4.999999999999999
     ],
     [
      4.999999999999998,
      -5.0
     ]
    ],
    [
     [
      7.761423749153965,
      -5.0
     ],
     [
      9.999999999999998,
      -2.7614237491539684
     ],
     [
      10,
      0
     ]
    ]
   ]
  }
 ],
 "parse": {
  "M1,1 2,2 3,3": {
   "grouped": [
    [
     "M",
     [
      1.0,
      1.0,
      2.0,
      2.0,
      3.0,
      3.0
     ]
    ]
   ],
   "exploded": [
    [
     "M",
     [
      1.0,
      1.0
     ]
    ],
    [
     "L",
     [
      2.0,
      2.0
     ]
    ],
    [
     "L",
     [
      3.0,
      3.0
     ]
    ]
   ]
  },
  "m1,1 2,2 3,3": {
   "grouped": [
    [
     "m",
     [
      1.0,
      1.0,
      2.0,
      2.0,
      3.0,
      3.0
     ]
    ]
   ],
   "exploded": [
    [
     "m",
     [
      1.0,
      1.0
     ]
    ],
    [
     "l",
     [
      2.0,
      2.0
     ]
    ],
    [
     "l",
     [
      3.0,
      3.0
     ]
    ]
   ]
  },
  "M0 0a1 1 0 011 1a1 1 0 011-1z": {
   "grouped": [
    [
     "M",
     [
      0.0,
      0.0
     ]
    ],
    [
     "a",
     [
      1.0,
      1.0,
      0.0,
      0,
      1,
      1.0,
      1.0
     ]
    ],
    [
     "a",
     [
      1.0,
      1.0,
      0.0,
      0,
      1,
      1.0,
      -1.0
     ]
    ],
    [
     "z",
     []
    ]
   ],
   "exploded": [
    [
     "M",
     [
      0.0,
      0.0
     ]
    ],
    [
     "a",
     [
      1.0,
      1.0,
      0.0,
      0,
      1,
      1.0,
      1.0
     ]
    ],
    [
     "a",
     [
      1.0,
      1.0,
      0.0,
      0,
      1,
      1.0,
      -1.0
     ]
    ],
    [
     "z",
     []
    ]
   ]
  },
  "M0 0 A5 5 0 1 0 10 0": {
   "grouped": [
    [
     "M",
     [
      0.0,
      0.0
     ]
    ],
    [
     "A",
     [
      5.0,
      5.0,
      0.0,
      1,
      0,
      10.0,
      0.0
     ]
    ]
   ],
   "exploded": [
    [
     "M",
     [
      0.0,
      0.0
     ]
    ],
    [
     "A",
     [
      5.0,
      5.0,
      0.0,
      1,
      0,
      10.0,
      0.0
     ]
    ]
   ]
  },
  "M.5.5l.5.5z": {
   "grouped": [
    [
     "M",
     [
      0.5,
      0.5
     ]
    ],
    [
     "l",
     [
      0.5,
      0.5
     ]
    ],
    [
     "z",
     []
    ]
   ],
   "exploded": [
    [
     "M",
     [
      0.5,
      0.5
     ]
    ],
    [
     "l",
     [
      0.5,
      0.5
     ]
    ],
    [
     "z",
     []
    ]
   ]
  },
  "M1e2 1E-2L3e+1 4": {
   "grouped": [
    [
     "M",
     [
      100.0,
      0.01
     ]
    ],
    [
     "L",
     [
      30.0,
      4.0
     ]
    ]
   ],
   "exploded": [
    [
     "M",
     [
      100.0,
      0.01
     ]
    ],
    [
     "L",
     [
      30.0,
      4.0
     ]
    ]
   ]
  },
  "M 1 , 1 L 2 2  ": {
   "grouped": [
    [
     "M",
     [
      1.0,
      1.0
     ]
    ],
    [
     "L",
     [
      2.0,
      2.0
     ]
    ]
   ],
   "exploded": [
    [
     "M",
     [
      1.0,
      1.0
     ]
    ],
    [
     "L",
     [
      2.0,
      2.0
     ]
    ]
   ]
  },
  "M1 1L2 2C1 1 2 2 3 3z": {
   "grouped": [
    [
     "M",
     [
      1.0,
      1.0
     ]
    ],
    [
     "L",
     [
      2.0,
      2.0
     ]
    ],
    [
     "C",
     [
      1.0,
      1.0,
      2.0,
      2.0,
      3.0,
      3.0
     ]
    ],
    [
     "z",
     []
    ]
   ],